walkerId,firstService,returnFromLoss,returnFromPassive,retained
09e59ced-1172-4744-a2bb-eb68ae83041c,12,5,2,91
6007a0a8-d40b-4560-9ead-180c1646dae5,8,23,0,250
13d7d39f-4c27-446f-85a2-ce747ee07bee,37,0,0,51
d005408b-e621-42f5-ad47-6d05f71812ff,25,0,5,199
da9be347-c2ff-4453-b7db-04fecebcdede,10,0,0,160
f0e04649-819a-482f-8bcd-1e2b05c146a8,5,0,0,25
fe9073d4-b8f3-4f4e-a9f0-5f9e78a02576,11,3,9,90
7f3f00c5-0f59-4e67-b7eb-bf508a19d913,1,0,0,1
3c6433e6-3be1-4636-8d0f-513970a76495,16,4,0,40
a84801ae-2d04-441b-8b0e-18e84c148532,4,9,5,48
9560e755-7b5e-4104-92bc-d90f36a367f0,2,0,0,2
f12c75c0-6895-4322-b771-7e27b0be5448,16,0,0,99
18e49993-9bf6-43c0-936e-d4a419b58f3b,2,14,1,179
45ec9e1d-36a8-4585-aa9e-2793d1559cab,6,0,1,145
de14a524-b26f-4eb7-8b6d-112d3abdeee2,2,8,0,114
ebd10712-4d37-49ba-a8d3-72b47a7dfa13,3,4,26,197
d139d118-ba8c-4e09-be66-74c138a1b014,13,0,0,14
ae625ba1-2c16-4a3b-a61c-f067a36567b9,3,2,1,7
cabe81c4-326b-4566-88d1-28e4b4daa401,1,1,0,1
7594081d-eeef-41d3-b26e-c92e73c11863,21,0,0,594
0b887fa2-3016-4bdd-912f-e26e7bacb3c4,7,0,0,388
3b04b39f-052a-4047-b946-dfed172e6044,40,0,0,130
94e04688-2ad4-4472-a424-9308950ad38b,14,0,0,50
ea384983-4bbb-4209-8a37-d77fc9099840,14,9,0,77
bc70410a-4d85-44b8-949f-7522643c173f,10,0,9,365
49ed6acf-8cb0-4b04-96b0-17b90e292224,5,6,0,30
5b9be00f-dd2d-4045-b3c3-f1198311bcce,19,17,0,72
85df413c-a127-4a71-8382-6e42ec46f3e2,9,7,0,60
8a875a5c-561e-4452-98df-3748dbf23b8e,6,0,0,46
7c27f246-bfcd-488f-a08e-628878c15cdc,19,0,0,51
2fe0ec98-f11b-4930-b0ef-93e0bc5caa91,3,0,0,3
065263db-a844-47dc-a9e3-29551e246721,17,0,0,78
8f9dda8a-e283-4616-bc03-3c0ec1762083,27,15,0,59
4dfa908e-ce72-4992-8c99-c3e6c548348a,12,0,0,170
724a7e2f-4e64-4828-9654-4fb94d3c6be3,1,0,0,14
4bccdab7-9c0f-4627-9f44-65dd9679199b,1,0,0,7
81995418-e014-46ac-855a-b39a313d8316,2,0,0,3
36504184-00b6-45bb-be43-e7d2d48efa07,3,0,0,3
e874edc8-6411-497f-8098-478e84a58b41,20,0,0,73
f5a9d07f-a868-47aa-ba0f-13f18e44fded,8,5,0,31
903901b0-3520-4173-b2c2-5e2e8578b787,1,3,0,1
350a7734-6c1d-473b-866e-a9b055a76ca2,18,1,7,46
a2c47504-c037-43eb-a191-032814a2ae58,11,0,0,15
5460a9a8-c917-4246-926a-21e9ab6046bc,2,0,0,26
6ce20a39-6bca-4142-b2bc-00944117d61f,5,0,1,41
481a38a7-a75c-4c84-aa10-60d717892d36,6,0,0,42
ceb34925-fba4-4b45-ac88-6a41c0c118f1,5,0,0,5
f0486a11-71d6-485f-9f3a-b90c1e299d0b,27,0,0,53
4f808565-6919-433a-b690-a2def9e402f1,2,5,0,2
5b9a6efe-4622-4cb0-a330-bb8494e81a77,22,0,47,530
bbe40b63-c0ef-4946-bffa-71c093c78c11,12,0,0,100
b93995d2-ae36-4445-a3f2-a4c49b13bde1,1,27,26,46
e7d5b50e-b727-48e1-a89f-55ea266a4248,1,6,3,243
b71ffc33-0dab-4c92-bb6e-8e16e2b3d980,12,0,0,428
54c1ac64-3018-4887-9587-6b09c4f8a7f5,4,6,0,5
5c7e6c19-cef2-4c9a-9a77-561d52e2e685,3,0,0,3
5ff14126-f676-4bfe-ad7a-45a014e29bde,8,9,9,80
81324614-208e-4596-875d-ed7da02679d3,5,12,6,17
67d5a2ed-db55-46d1-9899-29d45d10887f,19,0,1,24
477cddf0-15b3-4221-b87a-39071981851d,3,0,0,34
c30bd6f4-170d-44cc-9ce9-e8c13333bfd6,4,0,3,6
2505a6f4-8219-4cc8-99db-9453674df75b,1,10,0,5
a45c73e0-9a85-46f0-a25a-5542b9ee1ec3,1,1,0,0
0ddcbc8e-8a3e-4f57-aba9-f9e7289135c4,11,1,0,59
4120d1b0-4a91-412d-9164-8292acf67bd1,5,0,0,5
15c9088f-2ea7-4196-819e-63135c51a6ff,17,7,0,22
5c113c3d-80db-4119-8bc2-cc5672893219,22,0,0,362
d582044d-db0a-42ba-b773-c7a3af3d67e1,5,0,1,14
bf40c8be-2d8b-4bd2-8778-e16a4e406c6b,1,17,0,0
a01d1d0b-2ca4-46dd-ba2b-6d973b00350f,12,0,4,26
74b389f3-cd08-40cd-9116-d24770061395,3,0,0,6
7e7c673c-0ef5-4b44-bcc9-c565d754f308,6,0,0,13
81b43acc-4536-4473-80a8-5412bc7da931,5,0,1,5
91b3ae1f-91ea-4c48-8f9e-3a9b6d1c7abd,12,10,0,232
cbbd12aa-07d3-4155-8deb-e38ca1e787d8,15,0,0,17
3c3eede4-b8be-472f-aad6-87ef56aec547,3,0,0,12
a5dc9bde-fc31-464f-8178-3c061289c5a0,2,5,0,9
5d94dd4c-3e60-43ac-bdf3-6ed4107a9619,25,0,0,33
ff665506-7322-4fcf-adef-0fdc52a8bd71,23,3,0,156
0bab10ee-bd43-4832-9a89-4449d5375f5f,13,0,0,15
b7019e03-474a-4263-8280-6f163b33595d,7,0,0,12
e097ae89-8fc4-4ecb-9d76-f61a1407cc14,2,20,0,11
d95712af-879f-46e1-b971-26dedd7f5665,13,11,0,39
daa3f192-e0a7-4fa4-a381-9b1853c010d7,1,0,0,2
1f6fdae9-82ad-4906-9bd2-291edc00f0bd,5,0,6,31
a15a6a7e-f93a-4270-9dcc-7e5edd42f544,14,0,2,16
6c23cf5e-8c2a-488e-a944-c559777efecb,14,0,0,48
8f95df49-71ef-401c-a7d3-7eb703563b7f,6,25,0,33
20f01a74-9891-4349-9acd-2381dd1c3d7c,8,0,0,8
e0fdea18-3e57-4179-8671-26945bfcc978,1,13,0,44
9e1cbca9-63c3-41a3-8e02-1856e771189a,18,0,0,18
c7a1c074-4ac3-4381-9f56-d2b11c1076ac,37,0,0,227
729312a9-816b-4360-8600-84bd322fea73,3,0,0,10
5e784acc-5555-4c75-9c50-03df7d74b3e8,5,0,0,5
2d4389e3-7cae-4cf9-bf7a-9443f82c2452,16,0,0,20
7504e48a-8c42-4367-a26b-d5eb44bd6465,1,1,0,1
1c69b771-114f-4061-b9f3-1ef8c3505de7,18,1,0,38
0ab3e600-4f94-424c-9b83-f605d72476c4,1,14,0,16
c6f2193d-bf18-4c0d-99a8-5dbd6fa6b474,11,0,0,12
9717e4ec-b3ea-423b-9773-3eeed3979ec0,3,17,9,49
1bb018c2-959d-4be7-8f90-d2d83f3a2104,12,0,0,19
2b3b888d-136d-422b-a9f5-12518e848047,3,0,0,37
aec079a3-05fc-44cd-aa71-1cbab1c27a32,12,2,4,24
85e39996-b33c-40bc-b1c9-a0816810cbbd,2,0,0,2
c2db74dc-506c-4db3-83c8-57d0b5d9aef7,18,0,0,31
615b4c00-4a3d-41bd-ae88-97d9e2485b0e,7,0,0,24
5e2470c2-982c-48bb-b006-d52332b0bac9,11,0,0,166
9038bf71-1166-4a85-8b67-0cd4c574677c,3,0,0,9
3231c9fe-c56e-4846-bb09-930fec46397e,9,0,0,17
77c7d76b-f41c-4ea0-9a1a-729ff72a70c5,6,0,15,31
edda4ee1-c273-47d3-966d-be944be6e749,4,2,0,10
f010cd92-b66b-41c0-8dcd-5ed86db0166d,6,0,18,105
ceaedb22-aaf0-4b24-9652-139e071f4d6e,9,0,1,9
78d85641-84be-4f50-9336-9b1065d67d57,20,10,1,40
0f09ab6a-d059-41b3-88c3-5d3fe88beb6c,3,0,0,3
3a2cb16d-25ff-4d3a-98f7-3e048d1cc720,3,0,0,3
8e7971f3-357d-441e-b877-2cf6a16a553b,23,0,0,23
94f3d4fa-dea8-40af-b7f3-c2189eb089bf,11,0,0,18
b38df00e-1609-4ccb-b83c-cccc6040aa8a,7,12,0,21
a856eb2f-baa0-425d-95d9-7f35323d4678,10,0,0,10
825e4422-4893-442b-bbaf-df011253c061,2,0,0,2
29b62d7f-61bf-4622-bd2c-af5044a398b5,9,0,0,31
4e32ddb6-7ed6-4d7a-8a06-4fb018be3c83,7,0,0,41
cbdf5356-df86-4614-aa16-eae019d05508,22,0,0,251
f898ac3f-626f-4108-92b3-bdd27312a56c,7,0,0,7
61ad7c89-10d7-4920-9081-b56a7435c9ac,10,0,0,10
1a9b25db-860a-4363-ac63-e3a8cfa5322c,16,0,0,16
33ce0158-cf03-489c-8421-1a59759f4b8c,21,0,0,64
806df195-5400-464d-9047-c19dea222d84,27,0,0,43
2e3fd46d-2808-4f6a-8dd6-8d6cff26a1af,5,0,0,5
fc46fb74-0588-45fd-a6f1-2ba9bab0c602,17,0,0,57
f9ea1894-7e79-4971-8c28-01b50a63b81e,16,0,0,17
f55bc711-2def-418f-8aee-d26863d0e34a,2,4,0,4
d9316363-8ff3-4b3c-92f5-21501a51843a,14,2,4,69
0a5c8590-9d10-4cfd-be1b-4d384e04256f,1,0,6,5
cb4b8e4b-de4c-4f86-91d9-f92d603ba522,10,0,0,10
31111446-6831-4dc4-aaf5-4c2f6c44bc06,5,0,0,5
6adc277d-fe09-4c7a-87b2-53b365851b17,3,0,0,3
bccddfa4-3b12-4cb8-a2eb-1db3632f6802,1,0,0,1
a2b31d26-b026-4dc7-9324-0015b4a05f8f,1,0,1,4
0a6f804f-9f05-4f8e-bb39-72b6b5fc8f2e,9,0,0,17
c1e77c82-6415-4c7a-b084-4d80e9748ca9,1,0,2,1
f5f2b752-7ff0-40f3-ab04-de6447d2d498,13,1,0,13
b07ebb83-03e0-4615-9075-7c794a6f6d8d,1,2,0,13
03c32df3-91b4-4573-828f-14fd14e90c14,4,2,4,9
60db7612-2270-46bc-ab3b-862abf382121,2,0,1,143
25dbbebe-0040-4942-91fd-3fd5b798543b,2,0,0,2
bbc7cc59-a346-4858-8b5c-858bb46d4ea1,20,29,1,82
f0f07400-90f5-41cb-ae2c-cf359ded8b9c,1,6,0,6
266b2335-cf10-448b-b6cb-7d904ff5d256,4,0,0,19
080f5f3e-81d0-42be-944d-e42544a180cf,14,0,0,14
124279a0-6952-48dd-9987-606354097a03,19,0,0,82
3f8863ad-17ea-470b-8f61-f25c62635c11,5,0,0,12
e9bba09d-00ab-495f-819d-b467b67f08fb,7,0,0,10
458e72f8-7d87-483e-b9bd-19c77577fe36,17,0,0,17
407e1176-63a5-4fc5-964c-eefea298b963,9,0,0,10
78037262-1bd2-4d43-94dc-f2c1221839ac,7,0,0,30
d0a604d4-6c1f-47aa-a81f-05726f1e0429,12,0,0,28
307e4e6a-714f-4764-8410-09faf39d73c4,5,1,2,82
8611690d-7067-4a88-a46f-13f9b120b2f6,3,0,0,3
e15694a3-f69d-43b7-b4a4-cf1d5353dce4,6,0,0,20
324596ce-1831-4f6e-a805-952366c9db10,9,0,0,9
9c9289b5-a40b-456d-9bf9-44f997eeba14,13,0,0,27
fb8da9e7-6139-4f46-8dd4-b8ad460dc240,5,0,0,29
74977536-bd3e-43f7-b8a0-ee007f57d8f5,6,0,2,18
8c8acb83-c284-407c-a03e-7892ba44d212,2,7,0,17
f8e579f3-f23a-4fee-a9b6-b440dafcea62,9,0,0,61
d9fc1ce5-4ef0-4210-bf01-c16de6214000,8,0,0,30
129552b7-d406-46c6-a1ed-62244ac345ab,6,0,0,14
87dc2ec9-064c-407b-87b7-91f6e1627865,16,0,0,20
f3573cee-f7d6-4fa5-9a80-161091701cdf,9,0,0,16
0cba7e32-461b-4fe5-b66d-f6b196988e71,3,0,0,5
20ddc7c7-4855-47c3-95a5-70e9f47f3451,6,0,0,14
c734cf6a-f027-4d4e-a08b-b935acf52b48,17,1,0,55
b23d4cdf-49ea-402f-8680-af76d405fa5b,24,0,0,48
e002a8d5-28f2-4b23-ac91-5cbe60037419,2,0,0,2
176d96e5-0076-4db2-a529-864e0a883fdb,9,0,3,13
a0abca1d-eb72-43db-a88b-85e6fc76c4de,1,2,1,12
ee03a3b8-20a0-4573-b3e7-7fcda06b9a07,11,0,0,25
9ee00a30-9923-4fd6-9a0e-64507d145a65,2,0,0,2
eda49c4d-a35e-486d-9c97-33c89ef6f10b,8,1,0,8
7c378ef5-7a30-4291-bd83-c8db4b161175,4,5,0,18
5fbb595f-46b9-4755-9153-9178754415a1,5,0,0,12
1d7be166-fdf9-4fe0-b0bf-b1c4a1b937f6,12,6,3,54
8ed9220b-a8f8-490f-a054-9de343a0d488,23,9,0,120
28187ff8-9962-4918-833b-aff5e8aa2d4c,28,0,1,256
31a3c1f4-274e-45b8-a59a-9f52d8be30bb,5,7,0,19
5f162457-5569-40af-901c-feebacc4d97f,4,0,0,4
7dd7b478-3465-40e6-abfd-605434b9c81d,11,0,0,24
69d90e68-a0be-4344-99c3-cf1914fa5584,5,2,0,5
7eae3cce-48dc-4b4a-8b55-f22f4b374bbd,7,0,0,23
119f19f7-f665-48e5-b4db-c04b10eb608c,3,5,0,3
211a7eaf-f9e3-4400-8b0c-ae2cdc559f86,1,2,0,0
0aff0ca7-9f32-4067-b068-822db3bbb056,21,4,0,89
dce68fff-4a0c-432f-b769-7d3456ba3eb7,6,0,0,47
2f23ae43-eec4-4851-9418-908e4582a5c8,9,0,0,9
551439f8-e42a-4cb3-a4f0-bcb9841a7172,1,14,0,0
7245b538-ed9b-4474-af79-74d1a4b2652e,24,0,0,61
b5893587-1534-4441-befb-5e9e2ade66ac,6,0,6,42
8c85f7a8-6453-4dda-8bcb-3f423b6563f2,4,1,0,14
4e396e9a-dc00-4100-a26c-5548a831e13d,19,0,0,26
9840e978-1108-490f-97ee-3adfb91a4f30,2,19,15,16
1d42c8c6-a72e-48a3-a619-fac6ae2cbee9,4,0,0,13
15274b84-f61a-4945-b016-5146245eb52d,5,0,0,16
c55127da-9877-4b62-aa93-7ccdc595d1e4,16,0,0,21
e4b07704-52c6-4679-85b8-5babb4c7b328,2,0,0,2
7fa04473-22d6-4b4e-815f-2b0080ca02d9,1,0,9,16
b84d4eec-6d4b-47da-99fe-78316c59142c,6,0,0,9
fd661545-8847-463f-9abc-a9a4495914d2,10,0,0,10
cc51e129-167f-4173-964f-52ac3090470c,18,1,0,138
9be3af8b-8464-46e3-bee0-82b478ebd06a,7,1,0,7
188520a7-a1eb-48bf-8cf8-4ebdc4b03296,9,0,3,77
eb8ed6c4-b4fe-4aac-a270-4351c547ac7c,2,0,0,6
f1219a49-12ea-4380-8f4d-9c2883728720,8,4,0,8
50071ee6-d708-47a0-b2d4-8c5250898ce5,17,0,0,27
3fadb898-77f7-4f58-8eb6-3071c5b86534,6,0,0,7
8977dd34-91fe-4c47-88f8-19b957f0267f,3,1,7,25
5b15dbef-554c-4e9d-8e78-29b034cdcb25,11,0,0,59
9c5cd1b0-b252-4778-9d31-b18a19370b86,1,1,0,6
7b895763-c37b-4bb1-9488-7be18400f097,1,11,1,2
f2902429-b089-4cb8-9de2-b3c327cac630,1,0,0,1
490ab589-03c3-44b7-a9eb-953c2088fdd4,2,0,0,2
830e1b08-e678-464d-ba3c-c8949aae2bbd,5,7,1,21
753d3312-af63-497d-aaae-efeddd7bf5e6,3,0,0,3
cd92e363-34e2-428f-9bc9-306ce86522af,5,8,0,51
716ba0ca-bcdc-4d2b-b1f4-424c4130dc7f,1,0,3,3
fe9bd5c2-c7fe-44c5-8013-457d693a3ec1,22,0,0,57
cb0626ae-699d-4eb6-9193-f1ce0582f0b8,16,0,0,25
63fae537-1316-4f28-9152-4e15544fbba9,5,1,0,10
354529f1-be25-4258-8c8a-494a263ac836,21,0,0,27
e76c3555-9c42-4c97-a637-09a50644753e,14,0,0,30
698abaa1-922c-49de-9fd0-51a7f96a954d,8,0,0,8
464ca19d-fdaa-4bc7-8dcd-d59dfa0894cd,1,2,2,3
ac43f7aa-a0b6-4e11-8411-35618edfa8bf,8,0,2,12
aad3998b-0e7e-4350-8fbd-a2b41092a507,6,0,0,9
763f7537-680b-432d-a5a1-50b9a9644a2e,2,0,0,27
f0dbd389-eab9-4491-a7ae-14fa6b21cf89,8,0,0,8
1875d5c0-f050-4bf1-8878-c082d8ce64b9,1,0,0,56
bf4e267e-3c34-40f1-ab5f-7e303271c0f2,15,0,0,102
c9ad29d6-8bd9-45d5-8065-19a5e404c515,10,0,0,44
63e6ea9a-1697-4236-8623-960902bfbfc8,2,0,0,2
5384a631-0aa3-46d3-840f-3d19d7163b59,8,0,1,8
1ec20a04-1dde-4649-9f63-2cbf53107d69,6,0,0,24
b2efb507-92b9-452f-9dc6-648a27799c57,3,0,0,3
bdc85172-be44-4484-85f3-b7e1f9330633,16,0,0,30
9c7335cf-5531-48e9-9575-650f86552e0b,6,0,0,6
86512c6e-c292-487a-bf52-8cdfdee8a10c,16,0,0,21
557e8aa3-1612-4c86-adef-b23e2ac7e52e,19,6,0,183
1ce3c2d8-b4fc-4077-a794-956d1c4c30ee,2,0,0,39
480592f2-062b-4c32-aa8d-c6e0c2f59868,29,0,0,47
30666abb-e2ce-485e-8e8e-03e2776b05d9,10,5,21,32
f92847c9-a12a-48d6-b8e5-24b877dbcc5a,8,0,0,8
95d76ee7-0b10-449b-a7f0-95cd94848473,6,0,0,13
276cbc72-1d50-4eab-9409-63826be9ade9,5,1,0,13
388e23e5-0e39-4afb-9334-dbca86300eb6,13,0,0,13
c01159d8-394e-4b76-92cf-2084a85fb69a,34,0,0,39
a7515e35-f3d1-43d6-af42-d9857b0b95d9,13,0,0,13
b4c3fbb6-f192-4203-baa6-dc5864922d27,4,0,0,4
f71572ae-9444-4046-8bcb-6ff5d2db2a80,20,0,0,28
1b040527-cd13-4633-a0f4-4341380d79cb,9,0,0,11
aea49c6a-f4de-4ab4-98e7-585ceb129690,2,1,0,2
d02da53d-2069-4a49-94fd-d0c7e267ac4f,10,0,0,11
50bc1be8-2f4e-45d5-aa58-4f5bc101f83b,18,0,3,51
a25e3b34-e080-4a58-a163-3790057c9b9a,3,6,0,3
abe088f9-1317-4feb-9adf-ebe21fac591a,10,0,3,21
72f3421d-a5a7-4dce-883f-6e7ac0f2b314,1,0,0,1
5a336e2b-d58b-418d-9a83-6a6da7fad6fa,1,0,5,4
5100f56f-bd11-425f-93b8-be62e05b42c0,1,6,0,3
51bfa3ea-ab13-432e-a3d6-56aaaf909c57,6,0,0,6
23e93576-fa5f-4660-a5de-f9a74ec2433a,5,0,0,9
2fbe72ff-7d56-441f-832f-88fd47e66e1d,4,1,0,15
54e7ee29-deef-4ece-8ce8-19abb58d2e20,9,0,0,15
a381af50-31b1-4229-8bb1-29fec583e9b9,1,0,0,2
02f0fb5c-1f5d-4518-a228-3396d5406d39,7,0,2,11
20a49d67-92b3-42d6-8e82-f2b7bd307501,1,3,0,1
deb55abf-ad1b-45fe-8073-e701e9275258,2,0,0,2
31472bf8-fb72-48ac-b44e-1eaf0d2da223,1,0,5,5
b5ee60a9-4706-48dd-ada6-f65acd41616d,1,2,0,5
5b212b9e-9560-47af-936e-c84364201466,8,1,0,8
96a84d46-4c33-4b11-b347-4f9858eeadbb,7,0,0,78
14c9c390-34ad-440b-807b-c2568267673b,5,0,0,6
4980b912-7738-4c3b-82b1-00ffa44784bb,6,0,0,9
c73787e6-73e2-448a-89db-b3137f46b82d,2,0,0,2
8176a1e3-c524-4938-aaab-31309bb8c23c,2,0,4,8
244818e0-34a4-4090-8c7e-fa3999acfd7b,16,0,0,60
2f527376-a8d8-46f1-976b-04e0c02ce06f,27,0,0,27
bd056b3e-6c15-4179-b5d1-0dd68ae17c59,4,1,0,4
5f3188f2-94b4-4b1f-a99f-7eaf6912027e,1,0,0,4
97db9063-3548-4c29-baac-dcba8cd14791,9,0,0,11
e5612707-152d-498b-b883-2b71a98b6567,1,0,0,1
2cebc301-6f8e-4d3f-a671-e15a28c247dc,40,0,0,71
47be8fae-5d19-457a-8242-3affc09bc249,12,0,0,12
371b7955-023b-4225-a8ea-da3f9b720ab6,10,0,0,10
9de96771-1ed7-426e-807c-0b15e1986388,5,0,0,14
dd5345fb-546b-4575-be4f-d2ecdfa804c8,2,0,0,2
dc91a9d6-d14d-4db6-a5b7-cc5b0aafca90,6,0,0,6
ac40ca52-b4d9-4cde-9c2e-d489c58554e7,4,0,0,21
7f81ee9c-3365-4ae0-8efd-f45ba579d937,26,6,0,40
2951a08c-6d45-4c6f-9d80-faa48357c1fd,1,0,2,2
5b3787be-df17-4c38-b7bc-937f1fe3de50,4,0,4,7
95168559-6d1a-4352-a974-043198e40e38,5,0,0,24
5c55f242-bd2f-48a1-a329-8cc69ca62ef5,21,1,2,34
e7efc165-35d8-4fc5-b541-589723e203c4,4,0,0,34
050965e8-fc56-4bb6-968a-e570b7d0d6e6,1,0,4,20
1a997b08-8c03-4970-a63c-faeebddd0539,7,0,0,114
536e6742-ea9a-49fc-b1a6-fce69209b837,2,0,0,2
f0ad9efe-ea3e-4f31-b5ca-3785355f82c9,3,0,0,3
4e38caab-ac25-4bdd-9cb4-f5201ca701b4,9,0,0,9
d610eb34-836a-4c5a-b5e3-ee81f1e803e4,16,1,0,30
95b6c6b4-84bd-4d6c-b726-3d28c75cd24a,4,0,0,4
9626211d-633c-4b89-93c3-4981a4125cb3,1,2,0,0
92812df5-f6da-49ba-a475-1e2b89d3e967,6,0,0,11
93e45e2a-31ba-439e-8bfe-28316b18ff4e,3,0,0,3
d5a80cb2-6aeb-4cde-a863-2dfa8c49a6af,21,0,0,29
49bf20e7-c112-449f-8bbc-5f7a092bdc2c,4,0,0,4
4865cac3-f76d-40cc-9f73-0a5858859211,10,0,0,10
acefa22d-5e34-4de3-b46e-735dcfd4c193,8,1,1,8
075cfcf2-5ea9-4cd9-ab83-27d4b1a940c6,14,0,0,14
48ea826e-fb59-40e6-8777-76fa6600140d,6,0,8,19
fc597c8e-65bc-48f6-b5d9-b372238cd94d,1,4,0,0
5c3ab514-5c3f-442e-9958-9f1f3b4d9402,8,4,0,8
2ca0f63e-16f1-44d6-9b82-2c24977581e4,2,1,0,10
c33a8514-1ed0-4bfc-9c76-a8cd4691bd42,16,0,0,16
8a6debfe-e9f9-4212-9585-413dab8c2535,7,0,0,7
de6ac600-62bf-435d-9b19-3638ae81b4fd,12,0,0,12
a8a1f79d-02a5-46b0-8423-f4d04af003ce,1,0,0,1
ca31576e-775c-4bcc-9c06-80a277ce86c7,2,0,0,2
dde9c0b5-2489-40e9-b750-5502efb01330,1,8,1,28
0e479e14-cc46-4ebc-a0a3-8559e1ec44af,1,3,13,13
429c6f8a-a354-4611-a85b-241f551dc2a5,1,0,0,1
5ee69b19-4137-4901-86e5-2a7dacf1a47f,2,1,0,2
6258bfe5-1242-49c0-99ed-487b5c6c9d59,8,0,0,8
e66c5aa6-1b79-4d30-8306-624d78178c8d,6,0,1,6
2420d9e5-30b5-4059-b952-3130e8bdff7e,3,1,0,3
933ca575-34b9-4c49-b58e-e9ef2d67cdbb,4,1,2,5
674470c8-554b-42d9-a460-9970930612da,1,0,7,15
baca70ef-a466-4926-aa83-466d9798b448,8,0,0,8
27ed974e-8893-4d8e-8d76-d479109157f3,4,0,0,6
70cc0f2c-1df4-4054-994f-9464dc319991,2,3,2,7
602351c8-f49a-4b18-83bc-c5a7b3da7b84,4,0,0,4
45123277-db42-40e5-b0ca-75c1902ff1c0,13,0,0,13
8332bd11-6da1-452c-98fd-e16a3e4fdc8d,8,0,0,23
27a44d26-4979-490e-bca4-34a1f9fc284b,1,0,7,6
01b0fb51-4461-4638-95a5-8fc8c0ef1c9d,1,0,0,1
6e69f616-4e13-49ba-a1b3-905ef0a59811,3,8,4,8
d5f635b2-4823-4afb-b6d3-914db8bb2245,20,0,0,42
fde176dc-7f6b-408f-8c3e-6835b651d5ba,3,1,11,20
87b68e09-906f-4afa-9cac-c6fdf2697eae,8,0,0,8
cb2d8112-1069-4ba8-ba25-78b91cfbd06a,7,0,0,20
2d3a7948-946c-4f20-93b7-c9ed88aca6c4,8,0,0,8
a3b9ce30-3595-4d8f-a315-33067ec3f0cd,1,0,0,1
ecb32aa1-e3bf-4b09-ab40-68229826bc3a,18,0,0,20
899b5c2c-2c89-44d0-acda-7398adba2945,3,0,0,3
0d94b9d5-c984-4542-99a7-998ef79c018e,1,1,2,3
68f386cd-395f-46db-af89-6ab9d2a85c91,1,1,0,1
b6614d2f-8b1f-4836-8c11-622cdc042d00,1,1,0,1
a232aae2-fa98-4c38-985e-6a9f5b7fe2a5,1,4,0,1
e079dfc7-277d-43c5-a977-c15a89e67921,2,3,0,2
7850a21f-aebf-4ee4-8d10-299587426e85,1,0,0,1
463b197d-8119-4433-96dc-e8f480297ad8,3,0,0,3
4dbbc585-6d6f-411b-87e3-70b9f43fae9d,8,0,0,8
4deeeed4-4bac-43c6-bc61-d4a6e206ab3a,1,0,7,6
3b9dd56b-d9b3-4f2a-a36c-f881e0a58282,2,1,0,2
264df1ac-7417-42ce-a9fa-4f4d09589cc8,2,1,0,2
1d6fa0dc-ae41-4e8b-b22e-a46b79e49b95,3,0,0,18
ebc5d21e-ea7d-4ca2-bb2d-8ba9cbc8e1dc,2,0,3,4
b9a7fe66-ae11-4b3d-8802-6a06d3b2c24e,1,0,0,1
d838cf89-9dfa-4974-a919-696dbf5a0e37,9,0,0,18
0df16988-64a9-4a2c-8319-5a18b5ec1172,10,0,0,16
44341a1d-3f88-4217-afb1-380ed392a16f,2,0,0,3
88571943-49eb-46fd-8631-9101bd3acc13,5,0,0,7
cd93999f-f196-47cb-b644-949fd716e1af,1,8,10,10
c868dc5b-1ec2-4672-bdff-08ab30036f7f,2,6,0,2
0e2fcccf-5927-457f-97ad-4bbce5c9f12e,3,0,0,7
57359006-3d72-4044-a128-7e5832b5455c,2,0,0,2
aaede24a-31ef-4e83-af65-9c0283a8fc2a,1,0,1,6
6566e443-ca95-4022-8ca6-0dd030b2179a,7,0,0,23
c9c46e85-15a8-4e23-95ac-ad5954409cd3,10,0,0,10
27ed68ea-9ddc-456c-bac8-760210546f0e,2,1,0,2
bd4efd57-2ac2-410a-9162-fe7afc40ca11,3,0,0,3
7d7c0c41-0fbb-41c7-98af-2e89574b075a,1,0,0,1
739f3063-d0f5-49c2-a1e8-84c4dad47196,12,0,0,40
7fc3acda-b17a-44ea-92d8-066cbe114b9e,1,0,0,1
5ffc59a1-71ba-48d6-badf-b5b3ebbb870c,2,1,1,2
1baabb17-c8f2-4561-875d-cac9edc2270d,4,0,0,12
b7348815-2283-4786-abb9-6ba9661b109b,21,0,0,26
31a2adfc-2593-4545-8207-9302e26abb1e,2,0,13,43
03727065-03ee-4983-bb13-6a32fc55cff5,2,0,0,2
6e5a0e07-46d3-498a-a784-f9a547023c5d,1,0,0,1
d53dcc6a-3c30-4a7a-ae76-64e410224c12,10,10,0,42
b2ecec32-2d76-4a82-b662-9b8b7ac290c0,9,0,0,9
f770c302-c301-4169-a576-51fca08a4eed,1,0,1,7
0a2e527c-c516-4f50-ba1b-bd85ab019e01,9,0,0,27
ff709292-6ece-4d95-83d1-2b74aee65631,14,0,0,14
3f9a90f3-4dba-42e2-be04-4b52a6d16ff5,5,7,0,12
7931b6bb-e318-479d-9b60-4081e7238aa2,1,3,0,2
9b4c37ab-8c3e-4403-bffc-6d5c13f7eb6a,3,2,0,3
f47cb35c-d536-49ea-afdf-94b0c141f436,3,0,0,5
64f7c445-964a-42ea-9ec2-5f1000fbf84b,4,0,1,4
74dc68e4-b3dc-46f7-92a3-3f58d1c3d282,3,0,0,17
07011c5d-2f51-4338-8758-6ddf96779057,1,2,0,0
a16b1646-a957-49e8-8ca4-8c64f3e7dec3,3,8,0,3
84cb3fa8-77f1-4206-a8e2-23c901bc67b7,12,0,0,12
6d3c4909-56c3-4764-8e72-5cec84a02d07,1,0,1,1
a478aa0c-ef66-4850-9572-721fe0f78028,10,10,5,27
7f6a0cfd-b94d-4bb6-9db8-d7c28eb03e7b,2,0,0,11
a5676828-5d96-4a25-b39a-87c08afcf285,9,1,3,25
c0fb1eda-f70f-4b96-a17d-c048d006a468,12,0,0,18
b28bb016-bb4f-4e02-892f-3694cd9a90f5,4,0,0,4
dc4b57bf-6669-4b26-a7b1-278092d56318,1,0,0,1
045cc0a5-afb1-4caa-9575-7faf6d3e1f69,15,0,0,17
44c758b3-8569-4fc4-9699-197cc3616427,5,0,4,8
0865813f-cede-4f57-964d-a9b9e48412e5,6,0,0,6
9c1f36d2-efc7-4b61-8999-f3cbeb71131f,8,1,0,8
237b4d88-0d2c-4889-9972-7b2ea4360a1e,1,3,10,16
5eb77e9a-707c-436b-967c-6ed1bd9913a8,7,0,0,15
e9cd019f-e72e-4c27-a5c6-8f9b11341359,1,1,0,0
8cdedc96-0c25-484c-a7fc-7e5e87437912,9,1,0,9
45a9df42-9ad9-4c89-865a-9596ecb43329,1,0,0,1
0cc6ac59-840b-4916-bea4-9e539d9cd85b,1,0,2,2
55bce13d-1ca1-4ba1-9c0e-724a9eb2c750,1,11,11,16
9074b063-0815-435f-9d57-a2d0fbcb5352,1,0,4,3
ec9fa1c3-1234-4c45-8a36-e5ce9dd7623d,4,0,2,12
bd274e1a-f2fd-40e1-b28d-4e1ab730e285,1,0,0,1
6c35a9a2-a329-444b-a1a8-7b4a65c0c579,3,0,0,14
36cb69df-5532-4700-9d43-474112f7b654,21,0,0,21
ed46a2c1-d3b8-412b-995b-2cded8636846,1,3,1,1
ae2292ab-275b-4ed6-9de6-2b1faecadcc6,3,0,0,3
3997c24c-b208-4a7d-9398-0b0132e1eef3,7,0,0,13
4c6b612d-2ec2-403e-a826-c0322876efc6,8,2,1,8
abdaa0de-9c9b-4978-97e7-a1a30ac09cd3,3,0,0,3
0ae2fb41-2a64-4016-888c-218f0fb3f215,4,0,0,4
4685f444-c409-433a-9bf5-4645e9ba51a4,9,0,0,10
98c01671-0c01-4527-bbb3-59141b74b948,2,0,0,2
1e7c433d-70fa-4b25-9a94-92f46fbe4746,1,0,0,1
a365363c-0f5d-4887-a91c-8375a383a5ef,5,0,0,10
e4384ae0-b4a2-4acd-96b1-f0c90ec0bdb5,3,0,0,3
81cae5ec-31c8-4287-a1bd-90aad87f030c,12,0,4,18
1a2fe502-38bf-4f83-a42d-63b59f5f9029,5,0,0,5
d3b044fb-37b5-444a-99dc-e82434031fb9,4,0,0,5
65ae08e3-9d6e-4480-89c8-8499c0c93353,3,0,0,3
e039f7b5-a50f-4e3a-b405-add136165fd2,2,0,0,2
e40caa78-aad5-423b-9c65-67568c868aa3,13,0,0,22
5376ecf7-6f46-4060-bc8e-894e690b2fa8,26,0,0,26
e6900ff8-129f-444f-ba86-04f8386b26b9,2,0,1,2
c0da83fe-c04a-4d0f-8dd6-6d4d2a610e61,1,0,0,1
4a92816e-bf87-4d71-ab46-984678eed942,3,0,0,3
3cb1a722-a633-4820-ad84-b7f642dcb3d5,1,0,1,1
c5ebaa84-5501-4c50-a141-56810cbf63b0,1,0,2,1
e828f6ff-de96-472d-af1b-507816911357,14,0,0,41
20e62a2c-80e7-432a-baba-bcbbb72ceb16,2,0,1,6
69c8a4a5-5045-413a-b207-f7a4318e8ee7,1,11,0,2
96c2a657-cd20-4561-a6b0-cc62b11ca4e6,7,0,0,9
3a1e122a-ae6f-4000-a65b-bfa86ee77340,2,0,0,2
8c195608-386a-4416-95a7-773a61e94bab,1,0,0,1
94f34fdb-6e1b-41ac-978b-43e042ae0f9b,5,1,0,5
d460476d-17bc-4671-ba23-c10c0d54dcb1,5,0,0,5
4389e4ea-be7c-4f62-9762-968b5ac42797,17,12,0,22
441a6b18-627f-4746-abc3-8e01ea942f1a,6,0,1,9
ba2f663a-4028-4ed2-99bf-39f55ebd0772,2,0,0,2
e05541e9-7560-42b7-85b8-9bf76ed5d345,3,2,0,3
50e4c53b-0607-46e0-b6fb-e496d62ca84e,1,1,1,1
1c8fb927-a12c-465d-b74b-ccaedeed17c1,1,0,7,7
f4a6bf75-c4df-49c8-8d2a-ae69445c9b33,8,0,0,8
a9f6aa36-9a70-4e46-a231-4d29d1c3568e,1,1,0,0
998e6ae4-33f6-46db-b16b-d791bb31122d,24,0,0,29
900ea748-cc3e-4df3-99bf-362daf255a1a,4,0,0,4
4ad3ddfc-e004-4e7c-abba-b450d5eb3062,5,0,0,16
a80dd726-7537-4970-8ee9-1c5c022ab6df,10,0,1,17
f39cdd73-19ab-4ee6-9f66-3fe16e9c3f02,4,0,0,4
0082cfc9-ce2f-47b1-a1ae-5e0c45f903b1,4,0,0,4
3216b53d-8398-48a1-b815-99b3c93dd1a2,2,15,0,4
1349ab3f-93bf-4cf8-8546-c82fb22113a0,1,1,1,3
72275c0a-f4f9-4c34-88f5-2f271795aedb,1,0,0,1
1f6c57c9-17bd-411b-ae40-374d840d3fde,8,0,6,13
bb0b7f51-643c-4418-ab83-454dc9d0d756,4,0,0,4
1e2c2fda-f2f0-425a-8378-90af1cb7102e,1,0,0,17
7672d351-21c2-434a-b607-30f850f3bd7f,4,0,0,10
0d0e6283-1d43-4dd1-8192-aa94727d653a,1,2,0,3
eca75eaf-a328-48cb-92ff-081ed4db4c9d,7,16,0,7
9c51bfed-4de7-4f1a-9097-ab780e68c299,4,0,0,4
90d84f83-f587-403f-bb4f-2a934671f300,2,0,0,2
e973adae-1ac3-4cec-9ee4-7fa2c752a10b,1,0,0,1
50d739ab-ffe6-41bf-bfca-dd2378e216eb,2,0,0,2
63dee8cc-a7af-4e65-95b7-f3fbbcb46fd7,15,0,0,15
d8986688-36c2-4d81-afba-64485fd7576b,16,0,0,16
9ef1ff5a-47b2-4ac8-a3c6-d359c4edc771,1,1,0,1
62ce8cce-9c48-448e-acbe-17341d80d4e7,6,0,0,6
7203309a-d092-4972-ac6e-2e6c64fd7e13,1,3,1,0
b9f84f99-c98b-40ea-b87c-380b888196af,2,0,0,2
66b0ad20-d812-44d4-94e5-c8333a8e3e60,1,2,0,0
3476c791-ba62-4125-9bb1-d416f042236f,8,6,6,17
90b9b727-3d6a-46cf-8953-907c96c7dbb3,13,0,5,17
a4dbdc69-6ca4-484f-ac30-12e416492716,4,2,0,4
87e77280-efce-4f16-a45e-3d838871cb93,5,0,0,5
692c42c0-29c0-46e4-be29-18407625b5e9,15,0,2,22
4edaa96e-cbb9-4c16-a054-d1eff1175cd7,8,0,0,8
174c9266-15a9-4c28-b6ba-8cc00f051620,7,6,0,7
5620e320-b070-40f7-b376-ebd3b94e8a64,3,0,0,3
83b7651f-cf77-4610-8d60-6eb4dc1b5fab,2,0,0,3
4c5050b3-ff5d-4788-bbeb-daaa40c4502e,2,0,0,2
54f3ee6f-ec65-40c0-a76d-903584eabb7a,12,0,0,22
f4182c6e-8d34-46cd-9a47-791af7988873,1,0,3,2
0a3ed11f-bd8a-4ce3-8d3e-c49b4bed057b,9,0,5,15
b358b83d-6599-4830-9bec-281eadb7f404,5,2,6,16
40653f3e-3cbb-4559-a729-cb2b09dc0932,10,0,2,13
6788d87f-469c-4cda-9d05-769e7f86c8fa,21,0,0,22
b6d33f5d-5173-4880-89ab-41116971cba9,1,0,4,5
15b1e241-299d-4287-a04e-9344b8774592,2,0,0,2
6794a092-4cf3-4261-ab16-9144b91d2911,1,1,0,0
2d3c01db-a804-4107-9cd5-b53bcf676551,1,4,0,2
8e91bf6e-ae30-49bc-bda8-9bc32080d280,6,0,0,6
20af75d7-9233-4157-9b13-2e3a334014bf,1,2,0,1
cd7dcb9f-6c27-4875-8890-ad6be75db4e0,1,0,0,1
af6f139f-6daf-4fbf-b585-013dd294e276,2,0,3,5
aaee34af-dde4-4d5c-b334-cc410d17d9ee,1,0,1,2
ecd2958b-c359-42e2-aa24-4a8986e2a7f2,9,0,0,15
99d14612-24a8-48c4-97b7-66d645ed375b,1,4,0,1
1c831af5-b330-4590-ad7e-8c961f4b7902,3,0,22,24
05a345a3-43ce-46e8-bcc3-5ac98180a0cb,1,0,0,3
78f4f3d6-d5b8-42cf-bb68-d54257a0c563,7,0,0,7
afc6dd20-4dcf-4370-8757-b5be921d29e4,4,0,3,6
3b03f819-4055-4d57-ab83-c52ee0eb2b13,1,0,0,21
5f54e91b-52cc-47e7-82b6-f465b2993d50,10,0,0,14
b8d11174-6a53-4183-8e86-e2e867a484c8,6,0,0,6
df62882e-46ce-43ff-9555-fadef5001e5f,5,2,0,6
a2424d49-9918-4d21-bb24-b93f53ec453c,9,0,0,9
9b065a64-6a2b-4400-b306-0e2d9fb9ed4d,1,0,0,1
2a08c522-6d47-4571-9aa4-0998deb6027b,9,0,0,9
7ca9c501-8472-410a-afe6-af6e66c5ef14,3,0,0,16
5239dedf-27c3-4024-a315-b9f2b631071d,1,0,0,1
8a0498f5-a3c5-4919-9d01-40b0aea0330b,5,0,0,5
47a65ad1-2164-48f6-a8cc-43b1d9240701,11,20,8,27
c5ea5f1d-e49b-4625-9fac-b4a5041d5fcf,1,0,4,8
4ad05549-de34-4287-9588-20cc3d152d05,1,0,0,1
b3b9ad7d-c1e5-4ed0-aedc-10e4e099208b,3,0,0,3
6ae11ded-44c7-4e78-a07f-44c5969003ad,1,5,0,0
bdbfcc00-4a5f-46c7-bf99-4cd0174f04a9,14,0,0,14
abf7ceae-59e7-49bd-9660-1f9d89559e09,1,0,0,1
60c2bcc5-d72d-4090-a0c8-10fe02f1a6cf,1,0,0,1
1ab3da37-ae0e-4bf7-b528-5771a1b586bb,1,0,3,2
febe2751-8999-4f61-8c61-a5108a2981b3,10,0,1,16
4568f590-4efa-4943-8a8e-0be62c323780,3,0,0,3
51d08b51-d7bb-4588-b9fa-f0b2e5704041,3,0,0,3
5145dee6-1c84-42ec-abd5-1ffaabbc48ed,2,0,0,2
f9e3b898-3a9f-4a52-8dbb-52a82f5c5415,6,0,0,10
8714483f-1c8b-4c9e-83f2-983287a72354,2,0,0,2
02eb2241-b840-4655-bb07-9f4cde84ca5a,13,0,1,13
8cc40122-733f-458e-84aa-8fbdb80a409e,1,1,1,7
81c40b0a-4603-480d-ba30-8f4fed0bdd7c,15,0,0,15
361132fc-4294-4e86-8057-58af4657f132,3,1,0,3
a332983c-2d1d-451d-92cd-111cd9edc61c,2,0,0,2
4d0094a3-b00f-4e09-bc65-84624347971b,3,1,2,5
baea0bd3-15fd-4bda-9e67-9c20393ecee3,7,0,0,7
b6bd3cba-b1c6-43f0-ba8e-133fba0416aa,2,0,0,2
c4ddc0c7-d14d-4a87-95e5-cc48752cc550,14,6,0,14
ab5d30ca-aafd-45fc-8a2d-92f86e7b73b4,1,1,0,1
ebb4de38-c6fb-49cd-ba6e-5e1c528997d0,5,1,0,5
5c32c0c6-effa-4c04-8a46-c64f381125a9,1,1,0,1
5af805ff-0d56-4b8a-8785-30e7f98de1a9,5,0,0,5
740b716f-5e53-49a2-b9c2-68a43d711af0,7,0,0,7
c46c7689-e93d-4022-b504-566df72fd622,1,1,0,1
1e8fd9b9-c5c5-4b09-a941-bb1a9bdba68a,1,2,0,0
ef91842f-70c1-455c-b952-7b4abfd196e3,4,0,0,4
4abf389d-4ef6-47e0-a4b8-941f55e6f4be,3,0,0,3
1614cfba-4f88-4dd8-9115-bb640e05be79,3,0,0,3
ce2ee780-d41c-4de4-943d-7b0b3a1b6bf7,8,0,0,8
17bc9628-5cee-4870-8993-586b195d5b83,1,2,0,1
579a98a5-201e-4bd3-a58e-e1493497adaf,25,21,0,31
89259044-54bc-427d-972a-0cc747dc78dc,6,0,0,6
62efeb97-1960-4d7e-b627-b530f07def7c,4,1,2,5
6ba80805-9029-4028-889f-59378729ab61,8,0,0,8
245179e2-e44f-4e22-b156-797bb128e476,1,2,0,0
80c77b20-843b-4799-b97a-28cfb7ccd2c0,1,2,0,1
07652514-e502-478f-9b14-759f5b85bb38,1,0,0,1
c7333acb-f67c-430b-8dec-eb3337e4dc00,11,0,0,11
78cd706e-0353-48f8-be78-c32382d2c6ae,6,0,0,6
c483d652-9f18-447a-87f4-8a3ea9869685,3,0,0,3
01adeee1-cb3d-46ff-9514-f4797299698c,4,0,0,4
0c9f91a6-4f8c-418d-b045-c5f434b40b50,3,0,0,3
68572865-7041-4689-9c92-2eb36d542190,3,0,0,3
c8321515-48be-496d-ae59-8cb83d430983,12,0,0,12
24f17e6b-0162-4966-b935-230c81bb34d1,3,0,0,3
c11ff233-b850-49ce-b31d-582318117a83,3,0,0,3
7d9904e3-a040-44ed-afd1-7bfbdb47c21c,4,0,0,4
8f52fb73-10b1-4109-846c-5cb6b5ee7c1b,6,0,0,6
99fd3902-4281-4de8-81d9-34dd5bc5eec2,1,0,0,1
3529ef4a-19a7-45bd-adc0-b29f817ee0d4,2,0,0,2
59dd79b0-4384-410d-929f-fb63b9df9aad,1,5,0,0
5cbfa5ce-a96c-4e1e-be77-c65b71a3a965,3,0,0,9
5bdc6fee-affe-4ffa-b51a-d7e5b9c1f348,13,0,0,13
1bca8c33-d5b4-4bf2-92e1-f87a45ae34e3,5,0,0,5
bd5aa2a6-6e5c-4a70-824e-bd5a41eb39d5,1,0,0,7
2b46496b-3ef7-4b8e-9888-18e148741d89,3,0,0,3
e8220c30-3470-44af-b7e3-3f2a063e6ecf,3,0,1,3
65de548e-e4b4-4603-b38f-a2cebfbb2e66,3,0,0,3
794bad72-febf-4d6b-8086-fad2db5f780c,2,0,0,2
f8280f17-055e-43db-9291-2aaf3757b9d0,1,0,11,11
3e994515-e858-4b16-982f-e2429ae1e24f,4,0,0,4
3ad6444d-0e2c-4c4d-a2fa-127ba3e9adcc,2,0,0,2
00fef613-662c-4194-8de1-164942e25fb2,7,0,0,7
84781325-1976-4cfc-80ca-3c55f2d93028,1,0,0,1
26a79d4a-4a67-4dc2-8992-c6e8e8bced0c,7,0,0,7
1397c1a3-2af9-41c4-b691-890638e7d84c,6,0,0,6
78e0bc1a-8a69-4c81-86bb-e4b787ee1425,2,1,0,2
635537f2-bc16-4799-920b-c0f920384d97,1,0,0,1
0f129b37-8b58-489a-9941-beb19593a066,2,0,0,2
edfeafcf-28ea-487a-af87-eb322bcff323,4,0,0,4
40bfc45b-315e-4d45-a11a-c347efec78fc,1,0,1,0
067e8577-0fc0-482f-9847-09e3c4aadbfb,5,1,0,6
7cbe14b6-35fa-452a-9603-91c6be7175a6,3,0,0,5
fbdd9e59-3b9e-40fc-9908-5ff9ac8835fc,4,0,0,6
69412e2b-c671-4563-a4d4-ef87f37d78c2,3,0,0,3
45c76b03-4600-4d5e-938d-d1f6ded11a49,1,1,2,2
f955ebb3-239d-457a-b146-711ce2373532,1,0,0,1
56703cb9-e873-4774-b35f-f7722ed21f2e,1,1,0,1
05615758-dd60-4551-8788-863a9ad76eac,4,0,0,4
0e1e836d-e596-4729-bb36-34d0eb90e64f,6,0,0,6
8b784277-d4c0-48b4-aab9-dbe6da58a625,5,0,0,5
29dfc4e8-cfa0-478d-a8b9-e79a2dba345e,6,0,0,6
a5006ac2-b567-48ae-bddf-f06e371c5108,4,1,2,10
affe0562-e952-4993-a2f1-90c24ad854f6,4,1,0,4
ba6179b7-861e-4c37-a2c5-bc912a51dc54,2,0,0,2
9b072bf1-94f6-4943-baeb-2167b1e613d9,1,2,0,1
cbb3301a-0437-4d20-b29e-ac67595ca33c,9,0,0,9
d5317a8c-c32c-47ef-8852-96bcb8cf4d0f,1,0,0,1
8ee7a972-167f-41f3-8b2d-152f99bdd4d5,8,0,0,8
d2344a4b-c5cd-4a49-bdf0-3039391f066f,3,0,0,8
a7fb05f8-8261-4c71-b9e3-61fb3129bcf5,2,0,0,2
fa786ec1-0a25-4da2-9ffc-69d83055d713,4,0,0,4
3a70b816-8ecc-4335-af75-51f989b239f2,2,0,0,2
ce751cf1-8a2e-4fe2-a25f-5984e42ac416,2,1,0,2
28f6eb84-a0ea-4ab2-b53c-b5949cb71caa,1,1,0,0
b3e17e03-a08e-4160-800b-dd948c4780b9,1,0,0,1
f5fa0a11-0238-44b4-b3fa-dd6b196b7d51,7,0,0,7
a62ef404-92bc-46eb-87e7-ee8ad4402365,2,0,0,2
65a27dcf-75a0-476b-aaf9-15bff31a2ebb,1,0,1,0
86d717f2-f37e-44e9-8255-d2d8047d13ff,4,0,0,4
8844ef65-fb6d-45e7-9606-77d9aee42b04,6,0,8,20
e78f9c80-b2b5-418d-a0c7-ba4e53190575,1,0,0,1
78321f69-8ef5-4087-be81-9c06ce4f484f,2,0,0,2
e8e2d4ec-5fd9-4c1d-9482-ab6152c92dd8,2,0,1,2
4abb9fd3-3e68-43ac-949f-de48fd372af3,4,0,0,9
bd51f176-6b59-45da-8812-f33e18b5c0aa,1,1,0,1
146bc6db-0cc1-488e-80d7-ef22ad20d44f,7,0,0,13
4283c2d8-16bc-44ee-9829-ca020804ae4f,3,1,5,9
b13c7581-c047-42fa-8ee5-9cfba0eb1c1f,1,2,1,3
5c8c6e6d-0c31-4066-a0ac-c3b4b1223663,2,0,0,2
d050ff0e-a95c-4dc9-bc83-1ceca33a4dfa,1,0,0,1
4be31e59-70b5-42f3-bdbe-93a99cc7fada,16,0,0,29
96f4e5b7-c639-453f-930b-761f49fab1fb,1,0,0,1
60c55cd7-b37c-4adc-83f2-a078abf50258,2,0,0,2
4574e5f0-d881-494f-b011-2ed19d89a269,6,0,0,6
91da539b-5e33-479b-afdd-60922e75dc25,1,0,0,1
596e3330-0341-41da-920d-4d4025e7826d,6,0,0,6
ed12db74-cfc7-40a0-958b-a79af1c85038,4,0,0,4
39366a5d-7831-4161-9798-15ebfc181338,3,0,0,3
f1d8c0a7-0234-4de0-a51a-1ecb6a3d95e1,4,0,0,4
624dcfc9-751c-40cf-8cdf-b2c5173498b0,7,0,0,7
4270c1f8-b809-4322-a719-ac8bc158c402,1,0,0,1
12fee3a9-22c1-46ca-93ca-d8f371deb666,3,0,2,4
b33f8537-89c4-4abc-bc34-282cf80de26f,2,0,0,2
97941ac2-dee8-4590-a02b-71457f2d2d63,1,2,0,0
ded85093-d94d-4786-8b9a-a03a60ac3549,1,0,0,1
d70b5e9c-6148-42ac-b2e9-7ed3586bc096,3,0,0,3
5ea477a6-5572-4af7-a3e6-6d4ce0cd98de,1,0,0,1
ac8a553d-5fd1-429c-a27e-72644a9d163b,4,0,0,4
d1feaa9e-de03-4b38-97ae-05d2f54b7cce,1,5,0,0
115ab94c-828f-4a67-9221-608ee18bca8c,2,0,0,2
c7cbfcc5-dde9-456c-bd8c-71f8da81b521,1,1,0,1
dc24fa2c-34aa-4cf9-8a44-46fdf57a8595,1,0,0,1
997b9eb7-58f3-403c-8d6f-b55043e0db60,3,0,0,3
0f163ebb-9f6b-402b-92af-d9aa3bc9b686,7,0,0,7
d92503bd-fba6-4d50-9abf-e3ac5efa2b2b,2,0,0,2
e22b2642-10b8-4c18-9664-77ad093098a0,2,0,0,2
891ac658-50cd-4478-abc9-adbbb96d4c51,2,0,0,2
1afd8c0d-b27c-4742-bf4a-396ede9af340,2,0,0,2
1d2dd57f-61da-402c-a4c2-578682125c3d,1,0,0,1
b1734eeb-ef66-46eb-b8bd-c7231cd74a4f,4,0,0,4
a60a0eae-a8a0-459b-815f-ac72b5d90772,2,0,0,2
63a9752d-d55f-4451-8526-4dad104aae35,1,5,0,2
4b33965b-fa5f-4baa-b664-9cad7fdcf3d2,1,0,0,1
5f45b756-6981-4d7c-a0c3-dafe2c5e6f39,2,0,0,2
08a44620-c567-46c1-bc0e-ef527a72ee52,2,0,0,2
b4311ae1-a09c-4a6c-b6fa-1463e672124c,8,0,0,13
207ba88f-b0b5-4195-a571-3787cf7d807b,3,4,0,3
3119f77c-d277-42f2-bdbc-62ba89f5a01a,1,0,0,1
ed088396-b291-4d73-a32e-cc818c3ab6b0,4,0,0,4
9e6c775e-bcc2-4cc0-9bb3-800532854206,3,0,0,3
5ab767b4-86ec-425f-ad48-de294aa4e43d,4,0,0,4
40d0a914-9a2d-4a16-8c4f-86878b95fd07,2,0,0,2
b542f820-0e97-47bc-9150-03d1aa54b9cc,4,1,0,4
88a3bcee-a05b-4884-801a-f2b0c9ebfe3b,1,0,0,1
a70a292c-ab64-412a-9511-ba7144308314,3,1,0,3
8360b44c-4022-4697-b02a-c6f76900e413,1,0,0,1
5a50c245-6bce-42c1-8277-c7046c7f00a3,1,0,0,1
c7be58df-005a-4aa6-a929-1f03e0bd0f37,3,0,0,3
c7c9760b-b493-4162-95b5-9173ea015828,1,0,1,1
d0fc95fd-d9b4-4dc5-97c0-6c38dc2235c8,1,0,2,2
a39fd852-a006-4c5b-9642-91c95f59203b,1,0,0,1
eeb55836-cbd3-44c4-be88-d3ab877bceb6,3,0,0,3
a670e2e3-36c1-489f-bb63-7c6c13b70fed,2,0,0,2
4283304b-ed14-4c66-b852-397e1c6194f1,1,0,0,1
43565454-e15e-406c-a657-14f9c12c724b,1,0,0,1
038654ca-4fd0-4c38-af47-5ee650106ae8,4,0,0,6
a672c892-00f5-4afe-a819-3d0e151dbc28,4,0,0,4
03b85e74-989f-4cf2-993f-d8411de50e3a,3,0,0,3
6d1338d3-2ccc-43b6-9739-940fb0b69f95,1,4,0,0
622b8cbf-c3f9-48ff-893b-41bc56b393b9,1,1,0,0
873ac117-46d7-4f11-9b6c-8eaa03b5ea5a,2,0,0,2
15a61baa-bfc8-4102-b988-89b554aa3083,3,0,0,4
67032147-c7ef-495c-8df1-dddbfeea6fc9,2,0,0,2
05fe4abe-5914-401a-9e52-fc0f4776d2fb,1,0,0,1
00162fd3-21b4-4371-bebe-db6b081d86ef,5,0,0,5
1d9b664f-30fe-4af1-b79d-7d4d085044e3,2,0,0,2
de497709-3403-4bc7-8404-d1b299d17d7b,2,0,0,2
41933fd0-4c02-4978-8e92-f1881b4db20c,1,0,0,1
39880976-fc9a-4e9e-ba2e-d6731c7e1ed6,2,0,0,2
0fd317ca-ae82-4b81-9231-eb48e09fc560,1,0,0,1
167bfb23-96a3-448c-9c4a-d5f759592c96,7,0,0,12
801a1178-ed5b-4f7d-9d23-1044ce6a11fa,3,0,0,3
0db57268-a350-485f-8ac5-6efc884b3979,1,0,0,1
ab8c0fa9-936d-426d-be9c-cf129b55819b,2,1,0,2
44c20831-6306-47dc-8519-50d6ba4805b1,7,0,0,7
35557292-2c8c-456a-af61-910e3cff6d62,7,1,0,7
be58e077-be2b-4f4c-8ce3-56d3b2ae99dc,2,0,0,2
9013ac0d-f457-46fd-b71b-6735c1f756a9,4,0,0,4
7fe248d8-6dfb-4496-aa9f-66a2157aa672,6,0,0,6
7f907069-8622-4249-be2d-776d82c6c5ab,1,1,0,1
c045b40f-198b-4b7d-8875-efbd841e2e85,3,0,0,3
b2eb7f36-f8fa-4cb4-93c4-bab4851a4fb2,6,0,0,6
6f85adb3-2721-4bf4-8699-8cded5a13fca,1,0,0,1
a943ab12-fa74-4aae-a977-6da8beffeebb,2,0,0,2
9f4502cb-f0a6-443b-bdba-6ec582390967,3,0,0,4
72f321dc-cefc-4e6c-be78-02d00d1be8d4,2,0,0,2
44a8e4c0-dd6d-4c51-9b12-8dfee18b0612,1,0,0,1
0ef1a597-1c91-4083-a8c5-44e134161ad3,4,0,0,8
7360b884-2557-46d3-aeca-dd3276efb4b3,2,0,0,3
0775921d-e5c8-4787-9778-c50062e9b3bd,1,0,2,2
c16292b2-6dab-491c-a338-63efea260910,2,0,0,2
c8a6c1b8-ee43-4454-99bf-47daa7e3c7ff,1,0,0,1
2db0ee6c-7161-4874-94c7-9d871496f51d,1,0,2,1
98dce880-450a-43d4-9215-6d02f262eae9,2,0,0,2
eacdcfe1-c9ef-4c5a-9b8a-3bb87c1074bf,1,0,0,1
2ff4eed8-310c-4892-9d57-9a69a1f8674b,1,0,0,1
b688cf9e-6d80-4c03-9022-ac97e05f2c1a,1,0,1,1
319b4a03-0479-4294-a0a7-ec4c073c9714,1,0,0,1
2b528215-5044-41ce-81df-e1f1e1a55172,8,0,0,8
2ace91e0-c9fb-42ed-8439-1e8c91557c19,2,1,1,2
5ddbe97f-cf8d-4000-a505-f4aed8518ce7,2,0,0,2
953c13b2-3485-4a89-b975-7a9e5ef0bc41,1,0,0,1
e6259063-aac1-4bed-a541-fbb8b2fb4952,2,0,0,2
bb957b79-bc68-4724-95c7-762e8e29ba13,6,0,0,6
0720d5ad-24ff-4b87-bc26-736bba82c27e,1,0,0,1
28161d81-06f0-43a5-823b-73f022529ce6,1,0,0,1
a2a84073-a945-4348-96d4-b2db4aa1acf2,6,0,0,6
7660d8d6-fb15-48f3-827b-2a331a9b89e0,1,0,0,1
63ab4fec-f71b-4d6b-836c-34fa902eb36e,1,0,0,1
9c4fa0d5-a3ec-4285-92e0-80c04bfa6a13,1,1,0,1
c7130125-3b7f-4c36-aa92-33d9e47b0f27,1,1,0,0
55adde0c-be71-4987-aa85-38b32e6a0cff,9,0,0,11
475bbce4-0ce6-4d75-a511-7a592cf3a771,2,0,0,2
f03b8915-7a52-4700-85c0-3c3bdf366f8f,2,0,0,2
ef8c2f75-ad92-495b-a69c-6c880acc0f78,1,0,0,1
3048d861-37fd-4718-a5e1-8b9f93eb656a,1,0,1,0
3bb6ef35-07ae-41d1-9c15-f36a70b5e574,1,0,0,1
9eb51886-a0d2-4afe-ab64-322c03128a12,1,0,0,1
a30279cb-33cb-415d-ba56-85f7e777e84d,2,0,0,2
7c6c2504-b28d-4dd0-b15b-2c95cf2ab01a,1,1,0,2
a6241a7f-34cb-46f2-bd46-b5d8f197e269,1,0,0,1
7f96466f-b79e-4bd3-b35b-f24a720f2284,2,0,0,2
e07c18c0-844b-4102-86c7-d40ad0c4fc47,2,0,2,3
72d3b746-5be7-4903-954c-24a65091e8d4,2,0,0,2
5897bdc1-c7cb-41b1-aef1-9a9460af10d8,1,0,0,1
50983b79-400f-45d4-8c47-c0c6ee93badb,7,0,0,7
26fe784f-8f2f-442a-9f23-6955f08ab1f6,2,0,0,2
b64e68d0-6389-40ba-abe0-ddf952503a1f,7,0,0,7
e7bb5d8a-a1ca-420d-8562-d1505c41acb0,2,0,0,2
8236461c-dd53-4880-a4e8-63cd35f0363f,1,0,1,0
c2bf45b0-52e1-4abb-8d4f-70a86f5afd09,1,1,1,1
01d9cdcd-c770-4d29-8ca5-dd0770962b67,1,0,0,2
b16124ba-665e-4235-bd33-72ce63624708,1,0,0,1
8411e8ae-f343-4ed1-adda-392f34317c15,1,0,0,2
e7ee1666-c6cd-4f9b-bc9a-b9d77331f822,1,1,0,0
5ac7078b-c819-490b-b3a6-84065543e52d,1,2,0,0
da495ee7-5009-43d7-868a-86e039d3c3bb,3,0,0,3
e75aef21-0eb4-4a80-9ee8-f0f0382a1231,7,0,0,7
67e59118-2b29-4943-8de2-eee74b9e1d45,1,0,0,1
543c4145-e291-4021-b9c8-d4ab82936237,1,0,0,1
e2278476-f7fc-4c53-80d2-129d4f053b3b,1,0,0,1
f6ebdd3a-757b-4966-bdad-27a598587fae,1,0,0,1
43644236-2807-453a-ba66-57a080efc1bb,2,0,0,3
37473826-bd06-497f-af78-8a5ef5a48a2d,1,0,0,1
0d8c4cb1-501d-4528-b019-93128e1b2472,1,0,2,2
30ebe504-d872-4c5a-9ec0-d5c1537bff2e,3,0,0,6
f099baa0-5ef0-48da-b026-959fa175e3db,2,0,0,2
32af0b01-4d77-460e-88b5-4845b6fa77b0,1,0,0,5
7599979a-e448-40a0-8296-2ea4c7b6c6d9,1,0,0,1
580e1513-c655-4b60-a86d-b9203cc3be08,5,0,0,5
c2daca51-43e8-4dbc-ad7d-7fc9890d9734,1,1,0,0
f8458960-e900-48af-a5bb-c696e824a9f4,2,0,0,2
a9bcd7e9-5a4d-44e5-953c-8dae21c614dd,1,1,1,0
d980f9e8-cee2-4355-8b99-b4572d2ef8cc,3,0,0,3
25119d6c-3166-4952-8f3e-4d92e2bb4cc3,1,0,0,1
882212f1-1777-4975-86ef-0e7b786ac686,1,0,0,1
0970f4ba-59dc-4a30-8f62-268a81ec1009,4,0,0,4
524f33d3-db05-4ee4-b7c0-24322a06520f,2,0,0,2
0673e701-6bf4-47e2-962d-94a2668dbd3a,3,0,0,3
9502c04b-d876-425e-bdb1-b787dcc1cd86,1,0,0,1
12557c38-47e9-4445-952b-a8bcec0f80ea,3,0,0,3
f19f40a0-bc2f-4cdd-a5bc-dfea35c6695a,3,0,0,3
16c243df-bb50-4aaf-8f99-7669da8ed5df,2,0,0,2
1f124632-3819-47f6-89a5-8564ba8e23b6,4,0,0,4
20e58738-6a4e-420b-8883-5496330b916e,3,0,0,3
6743b005-3450-4ecd-9feb-c52ac78ef64c,1,0,0,1
d06e4896-11e8-48b6-85d0-c711b83a9eb6,3,0,0,3
524d7c5a-c3c0-420e-82d3-01a0dac16ce1,1,0,0,1
5b11b18d-b3fd-4a2f-8ea5-6ccd4772e72c,1,0,0,1
299f5ebc-e48f-4b9c-ab2c-7fc5bbc2c3a9,1,0,0,1
7a27d9b1-8f0b-45c6-9f88-a01406af8b78,1,0,0,1
abd366b8-ffa1-49bc-b38f-d16d54b57045,2,0,0,2
c8dfba88-57b9-46fb-b820-95b6f6c18596,1,0,0,1
1eb9b8a6-8248-464c-8e00-82d5bf1d9a50,1,0,0,1
edda2c74-a2f2-431a-a943-caf3f118e6e7,1,0,0,1
df8d0da4-f176-4fe0-aaff-917e41fd16f5,1,0,0,1
22a04605-f26f-486d-b669-0aeacafc5976,1,0,0,1
2d2f7768-6e20-452c-a3c3-19807735fca9,1,0,0,1
977b7961-fe28-4a1d-ac98-be068b4e53c1,3,0,0,3
ffc3fe3e-1fd8-4979-a90d-7b8a076be0d2,1,0,0,1
8d782329-ee3c-4113-940e-2726d802632f,1,0,0,1
ee590481-ea1d-47ac-b990-bfcc12496fc4,1,0,0,1
96a8321e-1463-4c94-96f1-bf3dcc5a9b6c,2,0,0,2
331735b3-8475-4823-891a-d600d4f82bcf,1,0,0,1
51b30c21-b206-4e51-9894-9d02fd73d186,1,1,0,0
cb74509c-9f28-4a1e-a1d9-758fad9b2422,1,0,0,1
647c1397-a433-4e33-878c-9de1b2437f21,2,0,0,2
402c1152-1551-4104-9675-42e87fa52542,1,0,0,1
b2bb6478-9f88-4e88-9add-73691a08906c,2,0,0,2
1f8ad5e3-72fd-4334-8302-612cea562ee1,1,2,1,0
6601a29a-e595-4a8c-b6a8-f09e9ab8234b,1,0,0,1
6f370617-b82a-489f-900a-23f1b8618896,3,0,0,3
47d632fa-b1c9-4710-b0ae-f7eb5593d41b,7,0,0,7
753c6aa3-0bd3-45ed-9ae6-7c197b156b9b,1,0,0,1
2d72089e-070d-47ef-a51e-0a4d3704b868,1,0,0,1
3196ebcf-6910-4f15-9ee1-2105c0524c50,1,0,0,1
85430b3c-4b30-494d-a60d-6775979742e5,1,0,0,1
20cf38ef-97d4-41c4-831c-2e2fae348a6b,1,0,0,1
363e88cc-6c7d-4a9d-827e-2c93f0ceaf80,1,0,1,0
d4245f35-5899-4157-be45-26607239f731,1,0,0,1
0b83a290-d2f7-4008-9a22-a4700a4b36cb,1,0,0,1
02113579-d4cc-4afb-8128-195dce1a9a7a,1,0,0,1
c3c844fb-3f2c-4929-9315-8fac63949d05,1,1,0,0
193d2210-0742-4c9f-ab6e-291ebebe8a5f,1,0,0,1
fa269893-819d-4acf-aad9-3cd721314819,1,0,0,1
7d6f12b0-7913-4a58-a6db-ff113ffa5cf2,1,0,0,1
f868a226-3c0a-476d-96ad-c33b9a9e6db8,1,0,0,1
25ef29a7-6946-4d00-aa34-1e9a536616c3,1,0,1,0
91eb4bcf-040f-4587-9963-ccde6e4f09f2,1,0,0,1
cedeeaef-da9f-475b-9e78-e4348491747f,2,0,0,2
1d1b7991-e1ca-422a-a683-f15a11d7910e,1,1,0,0
9948aac6-7617-4641-9e0f-feabb2101e87,1,0,0,1
fd1c862f-25a6-4051-a9b5-2776fb28345e,1,0,0,1
28624e4d-3cc9-44c3-9568-d7b08bf2a184,1,1,0,0
72bca076-2ff0-4c5d-980a-bf8df4228f3d,1,0,1,1
